CPU         ;OS                       ;Runtime                ;CPU threads ;Memory used ;ArithemticsBenchmark ;MathBenchmark ;CallBenchmark ;IfElseBenchmark ;StringManipulation ;MemoryBenchmark ;RandomMemoryBenchmark ;Scimark2Benchmark ;DhrystoneBenchmark ;WhetstoneBenchmark
Elbrus 8C   ;Linux 4.19.0-1.4-e8c e2k ;Java Version 1.8.0_152 ;8           ;825614088   ;19064565.33          ;1879822.92    ;171777033.41  ;117910623.75    ;54623.91           ;1778.60         ;2476.46               ;16970.45          ;309.93             ;3624.00            ;473.58 ;251485.26 ;651677
AMD A6-3650 ;Unix 5.4.0.51            ;4.0.30319.42000        ;4           ;0           ;3841,13              ;12588,75      ;2237,83       ;12308,56        ;2142,08            ;6952,71         ;988,05                ;2848,04           ;1542,87            ;5301,53            ;178,28 ;3919,03   ;1761,05 ;6155,60 ;2443,16 ;2163,66 ;1113,02 ;3015,87 ;1321,38 ;2397,45 ;00:13:21.2811009